1|ACT|Bayside & Eastern Suburbs|AU
2|ACT|Bayside & South Eastern Suburbs|AU
3|ACT|CBD & Inner Suburbs|AU
4|ACT|CBD, Inner & Western Suburbs|AU
5|ACT|CBD, Inner West & Eastern Suburbs|AU
6|ACT|Eastern Suburbs|AU
7|ACT|Fremantle & Southern Suburbs|AU
8|ACT|North Shore & Northern Beaches|AU
9|ACT|North West & Hills District|AU
10|ACT|Northern Suburbs|AU
11|ACT|Northern Suburbs & Joondalup|AU
12|ACT|Parramatta & Western Suburbs|AU
13|ACT||AU
14|ACT|Ryde & Macquarie Park|AU
15|ACT|South West & M5 Corridor|AU
16|ACT|Southern Suburbs & Logan|AU
17|ACT|Southern Suburbs & Sutherland Shire|AU
18|ACT|Western Suburbs|AU
19|ACT|Western Suburbs & Ipswich|AU
20|ACT||AU
21|Adelaide|Bayside & Eastern Suburbs|AU
22|Adelaide|Bayside & South Eastern Suburbs|AU
23|Adelaide|CBD & Inner Suburbs|AU
24|Adelaide|CBD, Inner & Western Suburbs|AU
25|Adelaide|CBD, Inner West & Eastern Suburbs|AU
26|Adelaide|Eastern Suburbs|AU
27|Adelaide|Fremantle & Southern Suburbs|AU
28|Adelaide|North Shore & Northern Beaches|AU
29|Adelaide|North West & Hills District|AU
30|Adelaide|Northern Suburbs|AU
31|Adelaide|Northern Suburbs & Joondalup|AU
32|Adelaide|Parramatta & Western Suburbs|AU
33|Adelaide||AU
34|Adelaide|Ryde & Macquarie Park|AU
35|Adelaide|South West & M5 Corridor|AU
36|Adelaide|Southern Suburbs & Logan|AU
37|Adelaide|Southern Suburbs & Sutherland Shire|AU
38|Adelaide|Western Suburbs|AU
39|Adelaide|Western Suburbs & Ipswich|AU
40|Adelaide||AU
41|Adelaide Hills & Barossa|Bayside & Eastern Suburbs|AU
42|Adelaide Hills & Barossa|Bayside & South Eastern Suburbs|AU
43|Adelaide Hills & Barossa|CBD & Inner Suburbs|AU
44|Adelaide Hills & Barossa|CBD, Inner & Western Suburbs|AU
45|Adelaide Hills & Barossa|CBD, Inner West & Eastern Suburbs|AU
46|Adelaide Hills & Barossa|Eastern Suburbs|AU
47|Adelaide Hills & Barossa|Fremantle & Southern Suburbs|AU
48|Adelaide Hills & Barossa|North Shore & Northern Beaches|AU
49|Adelaide Hills & Barossa|North West & Hills District|AU
50|Adelaide Hills & Barossa|Northern Suburbs|AU
51|Adelaide Hills & Barossa|Northern Suburbs & Joondalup|AU
52|Adelaide Hills & Barossa|Parramatta & Western Suburbs|AU
53|Adelaide Hills & Barossa||AU
54|Adelaide Hills & Barossa|Ryde & Macquarie Park|AU
55|Adelaide Hills & Barossa|South West & M5 Corridor|AU
56|Adelaide Hills & Barossa|Southern Suburbs & Logan|AU
57|Adelaide Hills & Barossa|Southern Suburbs & Sutherland Shire|AU
58|Adelaide Hills & Barossa|Western Suburbs|AU
59|Adelaide Hills & Barossa|Western Suburbs & Ipswich|AU
60|Adelaide Hills & Barossa||AU
61|Albany & Great Southern|Bayside & Eastern Suburbs|AU
62|Albany & Great Southern|Bayside & South Eastern Suburbs|AU
63|Albany & Great Southern|CBD & Inner Suburbs|AU
64|Albany & Great Southern|CBD, Inner & Western Suburbs|AU
65|Albany & Great Southern|CBD, Inner West & Eastern Suburbs|AU
66|Albany & Great Southern|Eastern Suburbs|AU
67|Albany & Great Southern|Fremantle & Southern Suburbs|AU
68|Albany & Great Southern|North Shore & Northern Beaches|AU
69|Albany & Great Southern|North West & Hills District|AU
70|Albany & Great Southern|Northern Suburbs|AU
71|Albany & Great Southern|Northern Suburbs & Joondalup|AU
72|Albany & Great Southern|Parramatta & Western Suburbs|AU
73|Albany & Great Southern||AU
74|Albany & Great Southern|Ryde & Macquarie Park|AU
75|Albany & Great Southern|South West & M5 Corridor|AU
76|Albany & Great Southern|Southern Suburbs & Logan|AU
77|Albany & Great Southern|Southern Suburbs & Sutherland Shire|AU
78|Albany & Great Southern|Western Suburbs|AU
79|Albany & Great Southern|Western Suburbs & Ipswich|AU
80|Albany & Great Southern||AU
81|Albury Wodonga & Murray|Bayside & Eastern Suburbs|AU
82|Albury Wodonga & Murray|Bayside & South Eastern Suburbs|AU
83|Albury Wodonga & Murray|CBD & Inner Suburbs|AU
84|Albury Wodonga & Murray|CBD, Inner & Western Suburbs|AU
85|Albury Wodonga & Murray|CBD, Inner West & Eastern Suburbs|AU
86|Albury Wodonga & Murray|Eastern Suburbs|AU
87|Albury Wodonga & Murray|Fremantle & Southern Suburbs|AU
88|Albury Wodonga & Murray|North Shore & Northern Beaches|AU
89|Albury Wodonga & Murray|North West & Hills District|AU
90|Albury Wodonga & Murray|Northern Suburbs|AU
91|Albury Wodonga & Murray|Northern Suburbs & Joondalup|AU
92|Albury Wodonga & Murray|Parramatta & Western Suburbs|AU
93|Albury Wodonga & Murray||AU
94|Albury Wodonga & Murray|Ryde & Macquarie Park|AU
95|Albury Wodonga & Murray|South West & M5 Corridor|AU
96|Albury Wodonga & Murray|Southern Suburbs & Logan|AU
97|Albury Wodonga & Murray|Southern Suburbs & Sutherland Shire|AU
98|Albury Wodonga & Murray|Western Suburbs|AU
99|Albury Wodonga & Murray|Western Suburbs & Ipswich|AU
100|Albury Wodonga & Murray||AU
101|Alice Springs & Central Australia|Bayside & Eastern Suburbs|AU
102|Alice Springs & Central Australia|Bayside & South Eastern Suburbs|AU
103|Alice Springs & Central Australia|CBD & Inner Suburbs|AU
104|Alice Springs & Central Australia|CBD, Inner & Western Suburbs|AU
105|Alice Springs & Central Australia|CBD, Inner West & Eastern Suburbs|AU
106|Alice Springs & Central Australia|Eastern Suburbs|AU
107|Alice Springs & Central Australia|Fremantle & Southern Suburbs|AU
108|Alice Springs & Central Australia|North Shore & Northern Beaches|AU
109|Alice Springs & Central Australia|North West & Hills District|AU
110|Alice Springs & Central Australia|Northern Suburbs|AU
111|Alice Springs & Central Australia|Northern Suburbs & Joondalup|AU
112|Alice Springs & Central Australia|Parramatta & Western Suburbs|AU
113|Alice Springs & Central Australia||AU
114|Alice Springs & Central Australia|Ryde & Macquarie Park|AU
115|Alice Springs & Central Australia|South West & M5 Corridor|AU
116|Alice Springs & Central Australia|Southern Suburbs & Logan|AU
117|Alice Springs & Central Australia|Southern Suburbs & Sutherland Shire|AU
118|Alice Springs & Central Australia|Western Suburbs|AU
119|Alice Springs & Central Australia|Western Suburbs & Ipswich|AU
120|Alice Springs & Central Australia||AU
121|Bairnsdale & Gippsland|Bayside & Eastern Suburbs|AU
122|Bairnsdale & Gippsland|Bayside & South Eastern Suburbs|AU
123|Bairnsdale & Gippsland|CBD & Inner Suburbs|AU
124|Bairnsdale & Gippsland|CBD, Inner & Western Suburbs|AU
125|Bairnsdale & Gippsland|CBD, Inner West & Eastern Suburbs|AU
126|Bairnsdale & Gippsland|Eastern Suburbs|AU
127|Bairnsdale & Gippsland|Fremantle & Southern Suburbs|AU
128|Bairnsdale & Gippsland|North Shore & Northern Beaches|AU
129|Bairnsdale & Gippsland|North West & Hills District|AU
130|Bairnsdale & Gippsland|Northern Suburbs|AU
131|Bairnsdale & Gippsland|Northern Suburbs & Joondalup|AU
132|Bairnsdale & Gippsland|Parramatta & Western Suburbs|AU
133|Bairnsdale & Gippsland||AU
134|Bairnsdale & Gippsland|Ryde & Macquarie Park|AU
135|Bairnsdale & Gippsland|South West & M5 Corridor|AU
136|Bairnsdale & Gippsland|Southern Suburbs & Logan|AU
137|Bairnsdale & Gippsland|Southern Suburbs & Sutherland Shire|AU
138|Bairnsdale & Gippsland|Western Suburbs|AU
139|Bairnsdale & Gippsland|Western Suburbs & Ipswich|AU
140|Bairnsdale & Gippsland||AU
141|Ballarat & Central Highlands|Bayside & Eastern Suburbs|AU
142|Ballarat & Central Highlands|Bayside & South Eastern Suburbs|AU
143|Ballarat & Central Highlands|CBD & Inner Suburbs|AU
144|Ballarat & Central Highlands|CBD, Inner & Western Suburbs|AU
145|Ballarat & Central Highlands|CBD, Inner West & Eastern Suburbs|AU
146|Ballarat & Central Highlands|Eastern Suburbs|AU
147|Ballarat & Central Highlands|Fremantle & Southern Suburbs|AU
148|Ballarat & Central Highlands|North Shore & Northern Beaches|AU
149|Ballarat & Central Highlands|North West & Hills District|AU
150|Ballarat & Central Highlands|Northern Suburbs|AU
151|Ballarat & Central Highlands|Northern Suburbs & Joondalup|AU
152|Ballarat & Central Highlands|Parramatta & Western Suburbs|AU
153|Ballarat & Central Highlands||AU
154|Ballarat & Central Highlands|Ryde & Macquarie Park|AU
155|Ballarat & Central Highlands|South West & M5 Corridor|AU
156|Ballarat & Central Highlands|Southern Suburbs & Logan|AU
157|Ballarat & Central Highlands|Southern Suburbs & Sutherland Shire|AU
158|Ballarat & Central Highlands|Western Suburbs|AU
159|Ballarat & Central Highlands|Western Suburbs & Ipswich|AU
160|Ballarat & Central Highlands||AU
161|Bendigo, Goldfields & Macedon Ranges|Bayside & Eastern Suburbs|AU
162|Bendigo, Goldfields & Macedon Ranges|Bayside & South Eastern Suburbs|AU
163|Bendigo, Goldfields & Macedon Ranges|CBD & Inner Suburbs|AU
164|Bendigo, Goldfields & Macedon Ranges|CBD, Inner & Western Suburbs|AU
165|Bendigo, Goldfields & Macedon Ranges|CBD, Inner West & Eastern Suburbs|AU
166|Bendigo, Goldfields & Macedon Ranges|Eastern Suburbs|AU
167|Bendigo, Goldfields & Macedon Ranges|Fremantle & Southern Suburbs|AU
168|Bendigo, Goldfields & Macedon Ranges|North Shore & Northern Beaches|AU
169|Bendigo, Goldfields & Macedon Ranges|North West & Hills District|AU
170|Bendigo, Goldfields & Macedon Ranges|Northern Suburbs|AU
171|Bendigo, Goldfields & Macedon Ranges|Northern Suburbs & Joondalup|AU
172|Bendigo, Goldfields & Macedon Ranges|Parramatta & Western Suburbs|AU
173|Bendigo, Goldfields & Macedon Ranges||AU
174|Bendigo, Goldfields & Macedon Ranges|Ryde & Macquarie Park|AU
175|Bendigo, Goldfields & Macedon Ranges|South West & M5 Corridor|AU
176|Bendigo, Goldfields & Macedon Ranges|Southern Suburbs & Logan|AU
177|Bendigo, Goldfields & Macedon Ranges|Southern Suburbs & Sutherland Shire|AU
178|Bendigo, Goldfields & Macedon Ranges|Western Suburbs|AU
179|Bendigo, Goldfields & Macedon Ranges|Western Suburbs & Ipswich|AU
180|Bendigo, Goldfields & Macedon Ranges||AU
181|Blue Mountains & Central West|Bayside & Eastern Suburbs|AU
182|Blue Mountains & Central West|Bayside & South Eastern Suburbs|AU
183|Blue Mountains & Central West|CBD & Inner Suburbs|AU
184|Blue Mountains & Central West|CBD, Inner & Western Suburbs|AU
185|Blue Mountains & Central West|CBD, Inner West & Eastern Suburbs|AU
186|Blue Mountains & Central West|Eastern Suburbs|AU
187|Blue Mountains & Central West|Fremantle & Southern Suburbs|AU
188|Blue Mountains & Central West|North Shore & Northern Beaches|AU
189|Blue Mountains & Central West|North West & Hills District|AU
190|Blue Mountains & Central West|Northern Suburbs|AU
191|Blue Mountains & Central West|Northern Suburbs & Joondalup|AU
192|Blue Mountains & Central West|Parramatta & Western Suburbs|AU
193|Blue Mountains & Central West||AU
194|Blue Mountains & Central West|Ryde & Macquarie Park|AU
195|Blue Mountains & Central West|South West & M5 Corridor|AU
196|Blue Mountains & Central West|Southern Suburbs & Logan|AU
197|Blue Mountains & Central West|Southern Suburbs & Sutherland Shire|AU
198|Blue Mountains & Central West|Western Suburbs|AU
199|Blue Mountains & Central West|Western Suburbs & Ipswich|AU
200|Blue Mountains & Central West||AU
201|Brisbane|Bayside & Eastern Suburbs|AU
202|Brisbane|Bayside & South Eastern Suburbs|AU
203|Brisbane|CBD & Inner Suburbs|AU
204|Brisbane|CBD, Inner & Western Suburbs|AU
205|Brisbane|CBD, Inner West & Eastern Suburbs|AU
206|Brisbane|Eastern Suburbs|AU
207|Brisbane|Fremantle & Southern Suburbs|AU
208|Brisbane|North Shore & Northern Beaches|AU
209|Brisbane|North West & Hills District|AU
210|Brisbane|Northern Suburbs|AU
211|Brisbane|Northern Suburbs & Joondalup|AU
212|Brisbane|Parramatta & Western Suburbs|AU
213|Brisbane||AU
214|Brisbane|Ryde & Macquarie Park|AU
215|Brisbane|South West & M5 Corridor|AU
216|Brisbane|Southern Suburbs & Logan|AU
217|Brisbane|Southern Suburbs & Sutherland Shire|AU
218|Brisbane|Western Suburbs|AU
219|Brisbane|Western Suburbs & Ipswich|AU
220|Brisbane||AU
221|Broome & Kimberley|Bayside & Eastern Suburbs|AU
222|Broome & Kimberley|Bayside & South Eastern Suburbs|AU
223|Broome & Kimberley|CBD & Inner Suburbs|AU
224|Broome & Kimberley|CBD, Inner & Western Suburbs|AU
225|Broome & Kimberley|CBD, Inner West & Eastern Suburbs|AU
226|Broome & Kimberley|Eastern Suburbs|AU
227|Broome & Kimberley|Fremantle & Southern Suburbs|AU
228|Broome & Kimberley|North Shore & Northern Beaches|AU
229|Broome & Kimberley|North West & Hills District|AU
230|Broome & Kimberley|Northern Suburbs|AU
231|Broome & Kimberley|Northern Suburbs & Joondalup|AU
232|Broome & Kimberley|Parramatta & Western Suburbs|AU
233|Broome & Kimberley||AU
234|Broome & Kimberley|Ryde & Macquarie Park|AU
235|Broome & Kimberley|South West & M5 Corridor|AU
236|Broome & Kimberley|Southern Suburbs & Logan|AU
237|Broome & Kimberley|Southern Suburbs & Sutherland Shire|AU
238|Broome & Kimberley|Western Suburbs|AU
239|Broome & Kimberley|Western Suburbs & Ipswich|AU
240|Broome & Kimberley||AU
241|Bunbury & South West|Bayside & Eastern Suburbs|AU
242|Bunbury & South West|Bayside & South Eastern Suburbs|AU
243|Bunbury & South West|CBD & Inner Suburbs|AU
244|Bunbury & South West|CBD, Inner & Western Suburbs|AU
245|Bunbury & South West|CBD, Inner West & Eastern Suburbs|AU
246|Bunbury & South West|Eastern Suburbs|AU
247|Bunbury & South West|Fremantle & Southern Suburbs|AU
248|Bunbury & South West|North Shore & Northern Beaches|AU
249|Bunbury & South West|North West & Hills District|AU
250|Bunbury & South West|Northern Suburbs|AU
251|Bunbury & South West|Northern Suburbs & Joondalup|AU
252|Bunbury & South West|Parramatta & Western Suburbs|AU
253|Bunbury & South West||AU
254|Bunbury & South West|Ryde & Macquarie Park|AU
255|Bunbury & South West|South West & M5 Corridor|AU
256|Bunbury & South West|Southern Suburbs & Logan|AU
257|Bunbury & South West|Southern Suburbs & Sutherland Shire|AU
258|Bunbury & South West|Western Suburbs|AU
259|Bunbury & South West|Western Suburbs & Ipswich|AU
260|Bunbury & South West||AU
261|Bundaberg & Wide Bay Burnett|Bayside & Eastern Suburbs|AU
262|Bundaberg & Wide Bay Burnett|Bayside & South Eastern Suburbs|AU
263|Bundaberg & Wide Bay Burnett|CBD & Inner Suburbs|AU
264|Bundaberg & Wide Bay Burnett|CBD, Inner & Western Suburbs|AU
265|Bundaberg & Wide Bay Burnett|CBD, Inner West & Eastern Suburbs|AU
266|Bundaberg & Wide Bay Burnett|Eastern Suburbs|AU
267|Bundaberg & Wide Bay Burnett|Fremantle & Southern Suburbs|AU
268|Bundaberg & Wide Bay Burnett|North Shore & Northern Beaches|AU
269|Bundaberg & Wide Bay Burnett|North West & Hills District|AU
270|Bundaberg & Wide Bay Burnett|Northern Suburbs|AU
271|Bundaberg & Wide Bay Burnett|Northern Suburbs & Joondalup|AU
272|Bundaberg & Wide Bay Burnett|Parramatta & Western Suburbs|AU
273|Bundaberg & Wide Bay Burnett||AU
274|Bundaberg & Wide Bay Burnett|Ryde & Macquarie Park|AU
275|Bundaberg & Wide Bay Burnett|South West & M5 Corridor|AU
276|Bundaberg & Wide Bay Burnett|Southern Suburbs & Logan|AU
277|Bundaberg & Wide Bay Burnett|Southern Suburbs & Sutherland Shire|AU
278|Bundaberg & Wide Bay Burnett|Western Suburbs|AU
279|Bundaberg & Wide Bay Burnett|Western Suburbs & Ipswich|AU
280|Bundaberg & Wide Bay Burnett||AU
281|Cairns & Far North|Bayside & Eastern Suburbs|AU
282|Cairns & Far North|Bayside & South Eastern Suburbs|AU
283|Cairns & Far North|CBD & Inner Suburbs|AU
284|Cairns & Far North|CBD, Inner & Western Suburbs|AU
285|Cairns & Far North|CBD, Inner West & Eastern Suburbs|AU
286|Cairns & Far North|Eastern Suburbs|AU
287|Cairns & Far North|Fremantle & Southern Suburbs|AU
288|Cairns & Far North|North Shore & Northern Beaches|AU
289|Cairns & Far North|North West & Hills District|AU
290|Cairns & Far North|Northern Suburbs|AU
291|Cairns & Far North|Northern Suburbs & Joondalup|AU
292|Cairns & Far North|Parramatta & Western Suburbs|AU
293|Cairns & Far North||AU
294|Cairns & Far North|Ryde & Macquarie Park|AU
295|Cairns & Far North|South West & M5 Corridor|AU
296|Cairns & Far North|Southern Suburbs & Logan|AU
297|Cairns & Far North|Southern Suburbs & Sutherland Shire|AU
298|Cairns & Far North|Western Suburbs|AU
299|Cairns & Far North|Western Suburbs & Ipswich|AU
300|Cairns & Far North||AU
301|Central & South East|Bayside & Eastern Suburbs|AU
302|Central & South East|Bayside & South Eastern Suburbs|AU
303|Central & South East|CBD & Inner Suburbs|AU
304|Central & South East|CBD, Inner & Western Suburbs|AU
305|Central & South East|CBD, Inner West & Eastern Suburbs|AU
306|Central & South East|Eastern Suburbs|AU
307|Central & South East|Fremantle & Southern Suburbs|AU
308|Central & South East|North Shore & Northern Beaches|AU
309|Central & South East|North West & Hills District|AU
310|Central & South East|Northern Suburbs|AU
311|Central & South East|Northern Suburbs & Joondalup|AU
312|Central & South East|Parramatta & Western Suburbs|AU
313|Central & South East||AU
314|Central & South East|Ryde & Macquarie Park|AU
315|Central & South East|South West & M5 Corridor|AU
316|Central & South East|Southern Suburbs & Logan|AU
317|Central & South East|Southern Suburbs & Sutherland Shire|AU
318|Central & South East|Western Suburbs|AU
319|Central & South East|Western Suburbs & Ipswich|AU
320|Central & South East||AU
321|Coffs Harbour & North Coast|Bayside & Eastern Suburbs|AU
322|Coffs Harbour & North Coast|Bayside & South Eastern Suburbs|AU
323|Coffs Harbour & North Coast|CBD & Inner Suburbs|AU
324|Coffs Harbour & North Coast|CBD, Inner & Western Suburbs|AU
325|Coffs Harbour & North Coast|CBD, Inner West & Eastern Suburbs|AU
326|Coffs Harbour & North Coast|Eastern Suburbs|AU
327|Coffs Harbour & North Coast|Fremantle & Southern Suburbs|AU
328|Coffs Harbour & North Coast|North Shore & Northern Beaches|AU
329|Coffs Harbour & North Coast|North West & Hills District|AU
330|Coffs Harbour & North Coast|Northern Suburbs|AU
331|Coffs Harbour & North Coast|Northern Suburbs & Joondalup|AU
332|Coffs Harbour & North Coast|Parramatta & Western Suburbs|AU
333|Coffs Harbour & North Coast||AU
334|Coffs Harbour & North Coast|Ryde & Macquarie Park|AU
335|Coffs Harbour & North Coast|South West & M5 Corridor|AU
336|Coffs Harbour & North Coast|Southern Suburbs & Logan|AU
337|Coffs Harbour & North Coast|Southern Suburbs & Sutherland Shire|AU
338|Coffs Harbour & North Coast|Western Suburbs|AU
339|Coffs Harbour & North Coast|Western Suburbs & Ipswich|AU
340|Coffs Harbour & North Coast||AU
341|Coober Pedy & Outback SA|Bayside & Eastern Suburbs|AU
342|Coober Pedy & Outback SA|Bayside & South Eastern Suburbs|AU
343|Coober Pedy & Outback SA|CBD & Inner Suburbs|AU
344|Coober Pedy & Outback SA|CBD, Inner & Western Suburbs|AU
345|Coober Pedy & Outback SA|CBD, Inner West & Eastern Suburbs|AU
346|Coober Pedy & Outback SA|Eastern Suburbs|AU
347|Coober Pedy & Outback SA|Fremantle & Southern Suburbs|AU
348|Coober Pedy & Outback SA|North Shore & Northern Beaches|AU
349|Coober Pedy & Outback SA|North West & Hills District|AU
350|Coober Pedy & Outback SA|Northern Suburbs|AU
351|Coober Pedy & Outback SA|Northern Suburbs & Joondalup|AU
352|Coober Pedy & Outback SA|Parramatta & Western Suburbs|AU
353|Coober Pedy & Outback SA||AU
354|Coober Pedy & Outback SA|Ryde & Macquarie Park|AU
355|Coober Pedy & Outback SA|South West & M5 Corridor|AU
356|Coober Pedy & Outback SA|Southern Suburbs & Logan|AU
357|Coober Pedy & Outback SA|Southern Suburbs & Sutherland Shire|AU
358|Coober Pedy & Outback SA|Western Suburbs|AU
359|Coober Pedy & Outback SA|Western Suburbs & Ipswich|AU
360|Coober Pedy & Outback SA||AU
361|Darwin|Bayside & Eastern Suburbs|AU
362|Darwin|Bayside & South Eastern Suburbs|AU
363|Darwin|CBD & Inner Suburbs|AU
364|Darwin|CBD, Inner & Western Suburbs|AU
365|Darwin|CBD, Inner West & Eastern Suburbs|AU
366|Darwin|Eastern Suburbs|AU
367|Darwin|Fremantle & Southern Suburbs|AU
368|Darwin|North Shore & Northern Beaches|AU
369|Darwin|North West & Hills District|AU
370|Darwin|Northern Suburbs|AU
371|Darwin|Northern Suburbs & Joondalup|AU
372|Darwin|Parramatta & Western Suburbs|AU
373|Darwin||AU
374|Darwin|Ryde & Macquarie Park|AU
375|Darwin|South West & M5 Corridor|AU
376|Darwin|Southern Suburbs & Logan|AU
377|Darwin|Southern Suburbs & Sutherland Shire|AU
378|Darwin|Western Suburbs|AU
379|Darwin|Western Suburbs & Ipswich|AU
380|Darwin||AU
381|Devonport & North West|Bayside & Eastern Suburbs|AU
382|Devonport & North West|Bayside & South Eastern Suburbs|AU
383|Devonport & North West|CBD & Inner Suburbs|AU
384|Devonport & North West|CBD, Inner & Western Suburbs|AU
385|Devonport & North West|CBD, Inner West & Eastern Suburbs|AU
386|Devonport & North West|Eastern Suburbs|AU
387|Devonport & North West|Fremantle & Southern Suburbs|AU
388|Devonport & North West|North Shore & Northern Beaches|AU
389|Devonport & North West|North West & Hills District|AU
390|Devonport & North West|Northern Suburbs|AU
391|Devonport & North West|Northern Suburbs & Joondalup|AU
392|Devonport & North West|Parramatta & Western Suburbs|AU
393|Devonport & North West||AU
394|Devonport & North West|Ryde & Macquarie Park|AU
395|Devonport & North West|South West & M5 Corridor|AU
396|Devonport & North West|Southern Suburbs & Logan|AU
397|Devonport & North West|Southern Suburbs & Sutherland Shire|AU
398|Devonport & North West|Western Suburbs|AU
399|Devonport & North West|Western Suburbs & Ipswich|AU
400|Devonport & North West||AU
401|Dubbo & Central NSW|Bayside & Eastern Suburbs|AU
402|Dubbo & Central NSW|Bayside & South Eastern Suburbs|AU
403|Dubbo & Central NSW|CBD & Inner Suburbs|AU
404|Dubbo & Central NSW|CBD, Inner & Western Suburbs|AU
405|Dubbo & Central NSW|CBD, Inner West & Eastern Suburbs|AU
406|Dubbo & Central NSW|Eastern Suburbs|AU
407|Dubbo & Central NSW|Fremantle & Southern Suburbs|AU
408|Dubbo & Central NSW|North Shore & Northern Beaches|AU
409|Dubbo & Central NSW|North West & Hills District|AU
410|Dubbo & Central NSW|Northern Suburbs|AU
411|Dubbo & Central NSW|Northern Suburbs & Joondalup|AU
412|Dubbo & Central NSW|Parramatta & Western Suburbs|AU
413|Dubbo & Central NSW||AU
414|Dubbo & Central NSW|Ryde & Macquarie Park|AU
415|Dubbo & Central NSW|South West & M5 Corridor|AU
416|Dubbo & Central NSW|Southern Suburbs & Logan|AU
417|Dubbo & Central NSW|Southern Suburbs & Sutherland Shire|AU
418|Dubbo & Central NSW|Western Suburbs|AU
419|Dubbo & Central NSW|Western Suburbs & Ipswich|AU
420|Dubbo & Central NSW||AU
421|Far West & North Central NSW|Bayside & Eastern Suburbs|AU
422|Far West & North Central NSW|Bayside & South Eastern Suburbs|AU
423|Far West & North Central NSW|CBD & Inner Suburbs|AU
424|Far West & North Central NSW|CBD, Inner & Western Suburbs|AU
425|Far West & North Central NSW|CBD, Inner West & Eastern Suburbs|AU
426|Far West & North Central NSW|Eastern Suburbs|AU
427|Far West & North Central NSW|Fremantle & Southern Suburbs|AU
428|Far West & North Central NSW|North Shore & Northern Beaches|AU
429|Far West & North Central NSW|North West & Hills District|AU
430|Far West & North Central NSW|Northern Suburbs|AU
431|Far West & North Central NSW|Northern Suburbs & Joondalup|AU
432|Far West & North Central NSW|Parramatta & Western Suburbs|AU
433|Far West & North Central NSW||AU
434|Far West & North Central NSW|Ryde & Macquarie Park|AU
435|Far West & North Central NSW|South West & M5 Corridor|AU
436|Far West & North Central NSW|Southern Suburbs & Logan|AU
437|Far West & North Central NSW|Southern Suburbs & Sutherland Shire|AU
438|Far West & North Central NSW|Western Suburbs|AU
439|Far West & North Central NSW|Western Suburbs & Ipswich|AU
440|Far West & North Central NSW||AU
441|Fleurieu Peninsula & Kangaroo Island|Bayside & Eastern Suburbs|AU
442|Fleurieu Peninsula & Kangaroo Island|Bayside & South Eastern Suburbs|AU
443|Fleurieu Peninsula & Kangaroo Island|CBD & Inner Suburbs|AU
444|Fleurieu Peninsula & Kangaroo Island|CBD, Inner & Western Suburbs|AU
445|Fleurieu Peninsula & Kangaroo Island|CBD, Inner West & Eastern Suburbs|AU
446|Fleurieu Peninsula & Kangaroo Island|Eastern Suburbs|AU
447|Fleurieu Peninsula & Kangaroo Island|Fremantle & Southern Suburbs|AU
448|Fleurieu Peninsula & Kangaroo Island|North Shore & Northern Beaches|AU
449|Fleurieu Peninsula & Kangaroo Island|North West & Hills District|AU
450|Fleurieu Peninsula & Kangaroo Island|Northern Suburbs|AU
451|Fleurieu Peninsula & Kangaroo Island|Northern Suburbs & Joondalup|AU
452|Fleurieu Peninsula & Kangaroo Island|Parramatta & Western Suburbs|AU
453|Fleurieu Peninsula & Kangaroo Island||AU
454|Fleurieu Peninsula & Kangaroo Island|Ryde & Macquarie Park|AU
455|Fleurieu Peninsula & Kangaroo Island|South West & M5 Corridor|AU
456|Fleurieu Peninsula & Kangaroo Island|Southern Suburbs & Logan|AU
457|Fleurieu Peninsula & Kangaroo Island|Southern Suburbs & Sutherland Shire|AU
458|Fleurieu Peninsula & Kangaroo Island|Western Suburbs|AU
459|Fleurieu Peninsula & Kangaroo Island|Western Suburbs & Ipswich|AU
460|Fleurieu Peninsula & Kangaroo Island||AU
461|Geelong & Great Ocean Road|Bayside & Eastern Suburbs|AU
462|Geelong & Great Ocean Road|Bayside & South Eastern Suburbs|AU
463|Geelong & Great Ocean Road|CBD & Inner Suburbs|AU
464|Geelong & Great Ocean Road|CBD, Inner & Western Suburbs|AU
465|Geelong & Great Ocean Road|CBD, Inner West & Eastern Suburbs|AU
466|Geelong & Great Ocean Road|Eastern Suburbs|AU
467|Geelong & Great Ocean Road|Fremantle & Southern Suburbs|AU
468|Geelong & Great Ocean Road|North Shore & Northern Beaches|AU
469|Geelong & Great Ocean Road|North West & Hills District|AU
470|Geelong & Great Ocean Road|Northern Suburbs|AU
471|Geelong & Great Ocean Road|Northern Suburbs & Joondalup|AU
472|Geelong & Great Ocean Road|Parramatta & Western Suburbs|AU
473|Geelong & Great Ocean Road||AU
474|Geelong & Great Ocean Road|Ryde & Macquarie Park|AU
475|Geelong & Great Ocean Road|South West & M5 Corridor|AU
476|Geelong & Great Ocean Road|Southern Suburbs & Logan|AU
477|Geelong & Great Ocean Road|Southern Suburbs & Sutherland Shire|AU
478|Geelong & Great Ocean Road|Western Suburbs|AU
479|Geelong & Great Ocean Road|Western Suburbs & Ipswich|AU
480|Geelong & Great Ocean Road||AU
481|Geraldton, Gascoyne & Midwest|Bayside & Eastern Suburbs|AU
482|Geraldton, Gascoyne & Midwest|Bayside & South Eastern Suburbs|AU
483|Geraldton, Gascoyne & Midwest|CBD & Inner Suburbs|AU
484|Geraldton, Gascoyne & Midwest|CBD, Inner & Western Suburbs|AU
485|Geraldton, Gascoyne & Midwest|CBD, Inner West & Eastern Suburbs|AU
486|Geraldton, Gascoyne & Midwest|Eastern Suburbs|AU
487|Geraldton, Gascoyne & Midwest|Fremantle & Southern Suburbs|AU
488|Geraldton, Gascoyne & Midwest|North Shore & Northern Beaches|AU
489|Geraldton, Gascoyne & Midwest|North West & Hills District|AU
490|Geraldton, Gascoyne & Midwest|Northern Suburbs|AU
491|Geraldton, Gascoyne & Midwest|Northern Suburbs & Joondalup|AU
492|Geraldton, Gascoyne & Midwest|Parramatta & Western Suburbs|AU
493|Geraldton, Gascoyne & Midwest||AU
494|Geraldton, Gascoyne & Midwest|Ryde & Macquarie Park|AU
495|Geraldton, Gascoyne & Midwest|South West & M5 Corridor|AU
496|Geraldton, Gascoyne & Midwest|Southern Suburbs & Logan|AU
497|Geraldton, Gascoyne & Midwest|Southern Suburbs & Sutherland Shire|AU
498|Geraldton, Gascoyne & Midwest|Western Suburbs|AU
499|Geraldton, Gascoyne & Midwest|Western Suburbs & Ipswich|AU
500|Geraldton, Gascoyne & Midwest||AU
501|Gladstone & Central QLD|Bayside & Eastern Suburbs|AU
502|Gladstone & Central QLD|Bayside & South Eastern Suburbs|AU
503|Gladstone & Central QLD|CBD & Inner Suburbs|AU
504|Gladstone & Central QLD|CBD, Inner & Western Suburbs|AU
505|Gladstone & Central QLD|CBD, Inner West & Eastern Suburbs|AU
506|Gladstone & Central QLD|Eastern Suburbs|AU
507|Gladstone & Central QLD|Fremantle & Southern Suburbs|AU
508|Gladstone & Central QLD|North Shore & Northern Beaches|AU
509|Gladstone & Central QLD|North West & Hills District|AU
510|Gladstone & Central QLD|Northern Suburbs|AU
511|Gladstone & Central QLD|Northern Suburbs & Joondalup|AU
512|Gladstone & Central QLD|Parramatta & Western Suburbs|AU
513|Gladstone & Central QLD||AU
514|Gladstone & Central QLD|Ryde & Macquarie Park|AU
515|Gladstone & Central QLD|South West & M5 Corridor|AU
516|Gladstone & Central QLD|Southern Suburbs & Logan|AU
517|Gladstone & Central QLD|Southern Suburbs & Sutherland Shire|AU
518|Gladstone & Central QLD|Western Suburbs|AU
519|Gladstone & Central QLD|Western Suburbs & Ipswich|AU
520|Gladstone & Central QLD||AU
521|Gold Coast|Bayside & Eastern Suburbs|AU
522|Gold Coast|Bayside & South Eastern Suburbs|AU
523|Gold Coast|CBD & Inner Suburbs|AU
524|Gold Coast|CBD, Inner & Western Suburbs|AU
525|Gold Coast|CBD, Inner West & Eastern Suburbs|AU
526|Gold Coast|Eastern Suburbs|AU
527|Gold Coast|Fremantle & Southern Suburbs|AU
528|Gold Coast|North Shore & Northern Beaches|AU
529|Gold Coast|North West & Hills District|AU
530|Gold Coast|Northern Suburbs|AU
531|Gold Coast|Northern Suburbs & Joondalup|AU
532|Gold Coast|Parramatta & Western Suburbs|AU
533|Gold Coast||AU
534|Gold Coast|Ryde & Macquarie Park|AU
535|Gold Coast|South West & M5 Corridor|AU
536|Gold Coast|Southern Suburbs & Logan|AU
537|Gold Coast|Southern Suburbs & Sutherland Shire|AU
538|Gold Coast|Western Suburbs|AU
539|Gold Coast|Western Suburbs & Ipswich|AU
540|Gold Coast||AU
541|Gosford & Central Coast|Bayside & Eastern Suburbs|AU
542|Gosford & Central Coast|Bayside & South Eastern Suburbs|AU
543|Gosford & Central Coast|CBD & Inner Suburbs|AU
544|Gosford & Central Coast|CBD, Inner & Western Suburbs|AU
545|Gosford & Central Coast|CBD, Inner West & Eastern Suburbs|AU
546|Gosford & Central Coast|Eastern Suburbs|AU
547|Gosford & Central Coast|Fremantle & Southern Suburbs|AU
548|Gosford & Central Coast|North Shore & Northern Beaches|AU
549|Gosford & Central Coast|North West & Hills District|AU
550|Gosford & Central Coast|Northern Suburbs|AU
551|Gosford & Central Coast|Northern Suburbs & Joondalup|AU
552|Gosford & Central Coast|Parramatta & Western Suburbs|AU
553|Gosford & Central Coast||AU
554|Gosford & Central Coast|Ryde & Macquarie Park|AU
555|Gosford & Central Coast|South West & M5 Corridor|AU
556|Gosford & Central Coast|Southern Suburbs & Logan|AU
557|Gosford & Central Coast|Southern Suburbs & Sutherland Shire|AU
558|Gosford & Central Coast|Western Suburbs|AU
559|Gosford & Central Coast|Western Suburbs & Ipswich|AU
560|Gosford & Central Coast||AU
561|Goulburn & Southern Tablelands|Bayside & Eastern Suburbs|AU
562|Goulburn & Southern Tablelands|Bayside & South Eastern Suburbs|AU
563|Goulburn & Southern Tablelands|CBD & Inner Suburbs|AU
564|Goulburn & Southern Tablelands|CBD, Inner & Western Suburbs|AU
565|Goulburn & Southern Tablelands|CBD, Inner West & Eastern Suburbs|AU
566|Goulburn & Southern Tablelands|Eastern Suburbs|AU
567|Goulburn & Southern Tablelands|Fremantle & Southern Suburbs|AU
568|Goulburn & Southern Tablelands|North Shore & Northern Beaches|AU
569|Goulburn & Southern Tablelands|North West & Hills District|AU
570|Goulburn & Southern Tablelands|Northern Suburbs|AU
571|Goulburn & Southern Tablelands|Northern Suburbs & Joondalup|AU
572|Goulburn & Southern Tablelands|Parramatta & Western Suburbs|AU
573|Goulburn & Southern Tablelands||AU
574|Goulburn & Southern Tablelands|Ryde & Macquarie Park|AU
575|Goulburn & Southern Tablelands|South West & M5 Corridor|AU
576|Goulburn & Southern Tablelands|Southern Suburbs & Logan|AU
577|Goulburn & Southern Tablelands|Southern Suburbs & Sutherland Shire|AU
578|Goulburn & Southern Tablelands|Western Suburbs|AU
579|Goulburn & Southern Tablelands|Western Suburbs & Ipswich|AU
580|Goulburn & Southern Tablelands||AU
581|Hervey Bay & Fraser Coast|Bayside & Eastern Suburbs|AU
582|Hervey Bay & Fraser Coast|Bayside & South Eastern Suburbs|AU
583|Hervey Bay & Fraser Coast|CBD & Inner Suburbs|AU
584|Hervey Bay & Fraser Coast|CBD, Inner & Western Suburbs|AU
585|Hervey Bay & Fraser Coast|CBD, Inner West & Eastern Suburbs|AU
586|Hervey Bay & Fraser Coast|Eastern Suburbs|AU
587|Hervey Bay & Fraser Coast|Fremantle & Southern Suburbs|AU
588|Hervey Bay & Fraser Coast|North Shore & Northern Beaches|AU
589|Hervey Bay & Fraser Coast|North West & Hills District|AU
590|Hervey Bay & Fraser Coast|Northern Suburbs|AU
591|Hervey Bay & Fraser Coast|Northern Suburbs & Joondalup|AU
592|Hervey Bay & Fraser Coast|Parramatta & Western Suburbs|AU
593|Hervey Bay & Fraser Coast||AU
594|Hervey Bay & Fraser Coast|Ryde & Macquarie Park|AU
595|Hervey Bay & Fraser Coast|South West & M5 Corridor|AU
596|Hervey Bay & Fraser Coast|Southern Suburbs & Logan|AU
597|Hervey Bay & Fraser Coast|Southern Suburbs & Sutherland Shire|AU
598|Hervey Bay & Fraser Coast|Western Suburbs|AU
599|Hervey Bay & Fraser Coast|Western Suburbs & Ipswich|AU
600|Hervey Bay & Fraser Coast||AU
601|Hobart|Bayside & Eastern Suburbs|AU
602|Hobart|Bayside & South Eastern Suburbs|AU
603|Hobart|CBD & Inner Suburbs|AU
604|Hobart|CBD, Inner & Western Suburbs|AU
605|Hobart|CBD, Inner West & Eastern Suburbs|AU
606|Hobart|Eastern Suburbs|AU
607|Hobart|Fremantle & Southern Suburbs|AU
608|Hobart|North Shore & Northern Beaches|AU
609|Hobart|North West & Hills District|AU
610|Hobart|Northern Suburbs|AU
611|Hobart|Northern Suburbs & Joondalup|AU
612|Hobart|Parramatta & Western Suburbs|AU
613|Hobart||AU
614|Hobart|Ryde & Macquarie Park|AU
615|Hobart|South West & M5 Corridor|AU
616|Hobart|Southern Suburbs & Logan|AU
617|Hobart|Southern Suburbs & Sutherland Shire|AU
618|Hobart|Western Suburbs|AU
619|Hobart|Western Suburbs & Ipswich|AU
620|Hobart||AU
621|Horsham & Grampians|Bayside & Eastern Suburbs|AU
622|Horsham & Grampians|Bayside & South Eastern Suburbs|AU
623|Horsham & Grampians|CBD & Inner Suburbs|AU
624|Horsham & Grampians|CBD, Inner & Western Suburbs|AU
625|Horsham & Grampians|CBD, Inner West & Eastern Suburbs|AU
626|Horsham & Grampians|Eastern Suburbs|AU
627|Horsham & Grampians|Fremantle & Southern Suburbs|AU
628|Horsham & Grampians|North Shore & Northern Beaches|AU
629|Horsham & Grampians|North West & Hills District|AU
630|Horsham & Grampians|Northern Suburbs|AU
631|Horsham & Grampians|Northern Suburbs & Joondalup|AU
632|Horsham & Grampians|Parramatta & Western Suburbs|AU
633|Horsham & Grampians||AU
634|Horsham & Grampians|Ryde & Macquarie Park|AU
635|Horsham & Grampians|South West & M5 Corridor|AU
636|Horsham & Grampians|Southern Suburbs & Logan|AU
637|Horsham & Grampians|Southern Suburbs & Sutherland Shire|AU
638|Horsham & Grampians|Western Suburbs|AU
639|Horsham & Grampians|Western Suburbs & Ipswich|AU
640|Horsham & Grampians||AU
641|Kalgoorlie, Goldfields & Esperance|Bayside & Eastern Suburbs|AU
642|Kalgoorlie, Goldfields & Esperance|Bayside & South Eastern Suburbs|AU
643|Kalgoorlie, Goldfields & Esperance|CBD & Inner Suburbs|AU
644|Kalgoorlie, Goldfields & Esperance|CBD, Inner & Western Suburbs|AU
645|Kalgoorlie, Goldfields & Esperance|CBD, Inner West & Eastern Suburbs|AU
646|Kalgoorlie, Goldfields & Esperance|Eastern Suburbs|AU
647|Kalgoorlie, Goldfields & Esperance|Fremantle & Southern Suburbs|AU
648|Kalgoorlie, Goldfields & Esperance|North Shore & Northern Beaches|AU
649|Kalgoorlie, Goldfields & Esperance|North West & Hills District|AU
650|Kalgoorlie, Goldfields & Esperance|Northern Suburbs|AU
651|Kalgoorlie, Goldfields & Esperance|Northern Suburbs & Joondalup|AU
652|Kalgoorlie, Goldfields & Esperance|Parramatta & Western Suburbs|AU
653|Kalgoorlie, Goldfields & Esperance||AU
654|Kalgoorlie, Goldfields & Esperance|Ryde & Macquarie Park|AU
655|Kalgoorlie, Goldfields & Esperance|South West & M5 Corridor|AU
656|Kalgoorlie, Goldfields & Esperance|Southern Suburbs & Logan|AU
657|Kalgoorlie, Goldfields & Esperance|Southern Suburbs & Sutherland Shire|AU
658|Kalgoorlie, Goldfields & Esperance|Western Suburbs|AU
659|Kalgoorlie, Goldfields & Esperance|Western Suburbs & Ipswich|AU
660|Kalgoorlie, Goldfields & Esperance||AU
661|Katherine & Northern Australia|Bayside & Eastern Suburbs|AU
662|Katherine & Northern Australia|Bayside & South Eastern Suburbs|AU
663|Katherine & Northern Australia|CBD & Inner Suburbs|AU
664|Katherine & Northern Australia|CBD, Inner & Western Suburbs|AU
665|Katherine & Northern Australia|CBD, Inner West & Eastern Suburbs|AU
666|Katherine & Northern Australia|Eastern Suburbs|AU
667|Katherine & Northern Australia|Fremantle & Southern Suburbs|AU
668|Katherine & Northern Australia|North Shore & Northern Beaches|AU
669|Katherine & Northern Australia|North West & Hills District|AU
670|Katherine & Northern Australia|Northern Suburbs|AU
671|Katherine & Northern Australia|Northern Suburbs & Joondalup|AU
672|Katherine & Northern Australia|Parramatta & Western Suburbs|AU
673|Katherine & Northern Australia||AU
674|Katherine & Northern Australia|Ryde & Macquarie Park|AU
675|Katherine & Northern Australia|South West & M5 Corridor|AU
676|Katherine & Northern Australia|Southern Suburbs & Logan|AU
677|Katherine & Northern Australia|Southern Suburbs & Sutherland Shire|AU
678|Katherine & Northern Australia|Western Suburbs|AU
679|Katherine & Northern Australia|Western Suburbs & Ipswich|AU
680|Katherine & Northern Australia||AU
681|Launceston & North East|Bayside & Eastern Suburbs|AU
682|Launceston & North East|Bayside & South Eastern Suburbs|AU
683|Launceston & North East|CBD & Inner Suburbs|AU
684|Launceston & North East|CBD, Inner & Western Suburbs|AU
685|Launceston & North East|CBD, Inner West & Eastern Suburbs|AU
686|Launceston & North East|Eastern Suburbs|AU
687|Launceston & North East|Fremantle & Southern Suburbs|AU
688|Launceston & North East|North Shore & Northern Beaches|AU
689|Launceston & North East|North West & Hills District|AU
690|Launceston & North East|Northern Suburbs|AU
691|Launceston & North East|Northern Suburbs & Joondalup|AU
692|Launceston & North East|Parramatta & Western Suburbs|AU
693|Launceston & North East||AU
694|Launceston & North East|Ryde & Macquarie Park|AU
695|Launceston & North East|South West & M5 Corridor|AU
696|Launceston & North East|Southern Suburbs & Logan|AU
697|Launceston & North East|Southern Suburbs & Sutherland Shire|AU
698|Launceston & North East|Western Suburbs|AU
699|Launceston & North East|Western Suburbs & Ipswich|AU
700|Launceston & North East||AU
701|Lismore & Far North Coast|Bayside & Eastern Suburbs|AU
702|Lismore & Far North Coast|Bayside & South Eastern Suburbs|AU
703|Lismore & Far North Coast|CBD & Inner Suburbs|AU
704|Lismore & Far North Coast|CBD, Inner & Western Suburbs|AU
705|Lismore & Far North Coast|CBD, Inner West & Eastern Suburbs|AU
706|Lismore & Far North Coast|Eastern Suburbs|AU
707|Lismore & Far North Coast|Fremantle & Southern Suburbs|AU
708|Lismore & Far North Coast|North Shore & Northern Beaches|AU
709|Lismore & Far North Coast|North West & Hills District|AU
710|Lismore & Far North Coast|Northern Suburbs|AU
711|Lismore & Far North Coast|Northern Suburbs & Joondalup|AU
712|Lismore & Far North Coast|Parramatta & Western Suburbs|AU
713|Lismore & Far North Coast||AU
714|Lismore & Far North Coast|Ryde & Macquarie Park|AU
715|Lismore & Far North Coast|South West & M5 Corridor|AU
716|Lismore & Far North Coast|Southern Suburbs & Logan|AU
717|Lismore & Far North Coast|Southern Suburbs & Sutherland Shire|AU
718|Lismore & Far North Coast|Western Suburbs|AU
719|Lismore & Far North Coast|Western Suburbs & Ipswich|AU
720|Lismore & Far North Coast||AU
721|Mackay & Coalfields|Bayside & Eastern Suburbs|AU
722|Mackay & Coalfields|Bayside & South Eastern Suburbs|AU
723|Mackay & Coalfields|CBD & Inner Suburbs|AU
724|Mackay & Coalfields|CBD, Inner & Western Suburbs|AU
725|Mackay & Coalfields|CBD, Inner West & Eastern Suburbs|AU
726|Mackay & Coalfields|Eastern Suburbs|AU
727|Mackay & Coalfields|Fremantle & Southern Suburbs|AU
728|Mackay & Coalfields|North Shore & Northern Beaches|AU
729|Mackay & Coalfields|North West & Hills District|AU
730|Mackay & Coalfields|Northern Suburbs|AU
731|Mackay & Coalfields|Northern Suburbs & Joondalup|AU
732|Mackay & Coalfields|Parramatta & Western Suburbs|AU
733|Mackay & Coalfields||AU
734|Mackay & Coalfields|Ryde & Macquarie Park|AU
735|Mackay & Coalfields|South West & M5 Corridor|AU
736|Mackay & Coalfields|Southern Suburbs & Logan|AU
737|Mackay & Coalfields|Southern Suburbs & Sutherland Shire|AU
738|Mackay & Coalfields|Western Suburbs|AU
739|Mackay & Coalfields|Western Suburbs & Ipswich|AU
740|Mackay & Coalfields||AU
741|Mandurah & Peel|Bayside & Eastern Suburbs|AU
742|Mandurah & Peel|Bayside & South Eastern Suburbs|AU
743|Mandurah & Peel|CBD & Inner Suburbs|AU
744|Mandurah & Peel|CBD, Inner & Western Suburbs|AU
745|Mandurah & Peel|CBD, Inner West & Eastern Suburbs|AU
746|Mandurah & Peel|Eastern Suburbs|AU
747|Mandurah & Peel|Fremantle & Southern Suburbs|AU
748|Mandurah & Peel|North Shore & Northern Beaches|AU
749|Mandurah & Peel|North West & Hills District|AU
750|Mandurah & Peel|Northern Suburbs|AU
751|Mandurah & Peel|Northern Suburbs & Joondalup|AU
752|Mandurah & Peel|Parramatta & Western Suburbs|AU
753|Mandurah & Peel||AU
754|Mandurah & Peel|Ryde & Macquarie Park|AU
755|Mandurah & Peel|South West & M5 Corridor|AU
756|Mandurah & Peel|Southern Suburbs & Logan|AU
757|Mandurah & Peel|Southern Suburbs & Sutherland Shire|AU
758|Mandurah & Peel|Western Suburbs|AU
759|Mandurah & Peel|Western Suburbs & Ipswich|AU
760|Mandurah & Peel||AU
761|Melbourne|Bayside & Eastern Suburbs|AU
762|Melbourne|Bayside & South Eastern Suburbs|AU
763|Melbourne|CBD & Inner Suburbs|AU
764|Melbourne|CBD, Inner & Western Suburbs|AU
765|Melbourne|CBD, Inner West & Eastern Suburbs|AU
766|Melbourne|Eastern Suburbs|AU
767|Melbourne|Fremantle & Southern Suburbs|AU
768|Melbourne|North Shore & Northern Beaches|AU
769|Melbourne|North West & Hills District|AU
770|Melbourne|Northern Suburbs|AU
771|Melbourne|Northern Suburbs & Joondalup|AU
772|Melbourne|Parramatta & Western Suburbs|AU
773|Melbourne||AU
774|Melbourne|Ryde & Macquarie Park|AU
775|Melbourne|South West & M5 Corridor|AU
776|Melbourne|Southern Suburbs & Logan|AU
777|Melbourne|Southern Suburbs & Sutherland Shire|AU
778|Melbourne|Western Suburbs|AU
779|Melbourne|Western Suburbs & Ipswich|AU
780|Melbourne||AU
781|Mildura & Murray|Bayside & Eastern Suburbs|AU
782|Mildura & Murray|Bayside & South Eastern Suburbs|AU
783|Mildura & Murray|CBD & Inner Suburbs|AU
784|Mildura & Murray|CBD, Inner & Western Suburbs|AU
785|Mildura & Murray|CBD, Inner West & Eastern Suburbs|AU
786|Mildura & Murray|Eastern Suburbs|AU
787|Mildura & Murray|Fremantle & Southern Suburbs|AU
788|Mildura & Murray|North Shore & Northern Beaches|AU
789|Mildura & Murray|North West & Hills District|AU
790|Mildura & Murray|Northern Suburbs|AU
791|Mildura & Murray|Northern Suburbs & Joondalup|AU
792|Mildura & Murray|Parramatta & Western Suburbs|AU
793|Mildura & Murray||AU
794|Mildura & Murray|Ryde & Macquarie Park|AU
795|Mildura & Murray|South West & M5 Corridor|AU
796|Mildura & Murray|Southern Suburbs & Logan|AU
797|Mildura & Murray|Southern Suburbs & Sutherland Shire|AU
798|Mildura & Murray|Western Suburbs|AU
799|Mildura & Murray|Western Suburbs & Ipswich|AU
800|Mildura & Murray||AU
801|Mornington Peninsula & Bass Coast|Bayside & Eastern Suburbs|AU
802|Mornington Peninsula & Bass Coast|Bayside & South Eastern Suburbs|AU
803|Mornington Peninsula & Bass Coast|CBD & Inner Suburbs|AU
804|Mornington Peninsula & Bass Coast|CBD, Inner & Western Suburbs|AU
805|Mornington Peninsula & Bass Coast|CBD, Inner West & Eastern Suburbs|AU
806|Mornington Peninsula & Bass Coast|Eastern Suburbs|AU
807|Mornington Peninsula & Bass Coast|Fremantle & Southern Suburbs|AU
808|Mornington Peninsula & Bass Coast|North Shore & Northern Beaches|AU
809|Mornington Peninsula & Bass Coast|North West & Hills District|AU
810|Mornington Peninsula & Bass Coast|Northern Suburbs|AU
811|Mornington Peninsula & Bass Coast|Northern Suburbs & Joondalup|AU
812|Mornington Peninsula & Bass Coast|Parramatta & Western Suburbs|AU
813|Mornington Peninsula & Bass Coast||AU
814|Mornington Peninsula & Bass Coast|Ryde & Macquarie Park|AU
815|Mornington Peninsula & Bass Coast|South West & M5 Corridor|AU
816|Mornington Peninsula & Bass Coast|Southern Suburbs & Logan|AU
817|Mornington Peninsula & Bass Coast|Southern Suburbs & Sutherland Shire|AU
818|Mornington Peninsula & Bass Coast|Western Suburbs|AU
819|Mornington Peninsula & Bass Coast|Western Suburbs & Ipswich|AU
820|Mornington Peninsula & Bass Coast||AU
821|Mt Gambier & Limestone Coast|Bayside & Eastern Suburbs|AU
822|Mt Gambier & Limestone Coast|Bayside & South Eastern Suburbs|AU
823|Mt Gambier & Limestone Coast|CBD & Inner Suburbs|AU
824|Mt Gambier & Limestone Coast|CBD, Inner & Western Suburbs|AU
825|Mt Gambier & Limestone Coast|CBD, Inner West & Eastern Suburbs|AU
826|Mt Gambier & Limestone Coast|Eastern Suburbs|AU
827|Mt Gambier & Limestone Coast|Fremantle & Southern Suburbs|AU
828|Mt Gambier & Limestone Coast|North Shore & Northern Beaches|AU
829|Mt Gambier & Limestone Coast|North West & Hills District|AU
830|Mt Gambier & Limestone Coast|Northern Suburbs|AU
831|Mt Gambier & Limestone Coast|Northern Suburbs & Joondalup|AU
832|Mt Gambier & Limestone Coast|Parramatta & Western Suburbs|AU
833|Mt Gambier & Limestone Coast||AU
834|Mt Gambier & Limestone Coast|Ryde & Macquarie Park|AU
835|Mt Gambier & Limestone Coast|South West & M5 Corridor|AU
836|Mt Gambier & Limestone Coast|Southern Suburbs & Logan|AU
837|Mt Gambier & Limestone Coast|Southern Suburbs & Sutherland Shire|AU
838|Mt Gambier & Limestone Coast|Western Suburbs|AU
839|Mt Gambier & Limestone Coast|Western Suburbs & Ipswich|AU
840|Mt Gambier & Limestone Coast||AU
841|Mt Isa & Western QLD|Bayside & Eastern Suburbs|AU
842|Mt Isa & Western QLD|Bayside & South Eastern Suburbs|AU
843|Mt Isa & Western QLD|CBD & Inner Suburbs|AU
844|Mt Isa & Western QLD|CBD, Inner & Western Suburbs|AU
845|Mt Isa & Western QLD|CBD, Inner West & Eastern Suburbs|AU
846|Mt Isa & Western QLD|Eastern Suburbs|AU
847|Mt Isa & Western QLD|Fremantle & Southern Suburbs|AU
848|Mt Isa & Western QLD|North Shore & Northern Beaches|AU
849|Mt Isa & Western QLD|North West & Hills District|AU
850|Mt Isa & Western QLD|Northern Suburbs|AU
851|Mt Isa & Western QLD|Northern Suburbs & Joondalup|AU
852|Mt Isa & Western QLD|Parramatta & Western Suburbs|AU
853|Mt Isa & Western QLD||AU
854|Mt Isa & Western QLD|Ryde & Macquarie Park|AU
855|Mt Isa & Western QLD|South West & M5 Corridor|AU
856|Mt Isa & Western QLD|Southern Suburbs & Logan|AU
857|Mt Isa & Western QLD|Southern Suburbs & Sutherland Shire|AU
858|Mt Isa & Western QLD|Western Suburbs|AU
859|Mt Isa & Western QLD|Western Suburbs & Ipswich|AU
860|Mt Isa & Western QLD||AU
861|Newcastle, Maitland & Hunter|Bayside & Eastern Suburbs|AU
862|Newcastle, Maitland & Hunter|Bayside & South Eastern Suburbs|AU
863|Newcastle, Maitland & Hunter|CBD & Inner Suburbs|AU
864|Newcastle, Maitland & Hunter|CBD, Inner & Western Suburbs|AU
865|Newcastle, Maitland & Hunter|CBD, Inner West & Eastern Suburbs|AU
866|Newcastle, Maitland & Hunter|Eastern Suburbs|AU
867|Newcastle, Maitland & Hunter|Fremantle & Southern Suburbs|AU
868|Newcastle, Maitland & Hunter|North Shore & Northern Beaches|AU
869|Newcastle, Maitland & Hunter|North West & Hills District|AU
870|Newcastle, Maitland & Hunter|Northern Suburbs|AU
871|Newcastle, Maitland & Hunter|Northern Suburbs & Joondalup|AU
872|Newcastle, Maitland & Hunter|Parramatta & Western Suburbs|AU
873|Newcastle, Maitland & Hunter||AU
874|Newcastle, Maitland & Hunter|Ryde & Macquarie Park|AU
875|Newcastle, Maitland & Hunter|South West & M5 Corridor|AU
876|Newcastle, Maitland & Hunter|Southern Suburbs & Logan|AU
877|Newcastle, Maitland & Hunter|Southern Suburbs & Sutherland Shire|AU
878|Newcastle, Maitland & Hunter|Western Suburbs|AU
879|Newcastle, Maitland & Hunter|Western Suburbs & Ipswich|AU
880|Newcastle, Maitland & Hunter||AU
881|Northam & Wheatbelt|Bayside & Eastern Suburbs|AU
882|Northam & Wheatbelt|Bayside & South Eastern Suburbs|AU
883|Northam & Wheatbelt|CBD & Inner Suburbs|AU
884|Northam & Wheatbelt|CBD, Inner & Western Suburbs|AU
885|Northam & Wheatbelt|CBD, Inner West & Eastern Suburbs|AU
886|Northam & Wheatbelt|Eastern Suburbs|AU
887|Northam & Wheatbelt|Fremantle & Southern Suburbs|AU
888|Northam & Wheatbelt|North Shore & Northern Beaches|AU
889|Northam & Wheatbelt|North West & Hills District|AU
890|Northam & Wheatbelt|Northern Suburbs|AU
891|Northam & Wheatbelt|Northern Suburbs & Joondalup|AU
892|Northam & Wheatbelt|Parramatta & Western Suburbs|AU
893|Northam & Wheatbelt||AU
894|Northam & Wheatbelt|Ryde & Macquarie Park|AU
895|Northam & Wheatbelt|South West & M5 Corridor|AU
896|Northam & Wheatbelt|Southern Suburbs & Logan|AU
897|Northam & Wheatbelt|Southern Suburbs & Sutherland Shire|AU
898|Northam & Wheatbelt|Western Suburbs|AU
899|Northam & Wheatbelt|Western Suburbs & Ipswich|AU
900|Northam & Wheatbelt||AU
901|Perth|Bayside & Eastern Suburbs|AU
902|Perth|Bayside & South Eastern Suburbs|AU
903|Perth|CBD & Inner Suburbs|AU
904|Perth|CBD, Inner & Western Suburbs|AU
905|Perth|CBD, Inner West & Eastern Suburbs|AU
906|Perth|Eastern Suburbs|AU
907|Perth|Fremantle & Southern Suburbs|AU
908|Perth|North Shore & Northern Beaches|AU
909|Perth|North West & Hills District|AU
910|Perth|Northern Suburbs|AU
911|Perth|Northern Suburbs & Joondalup|AU
912|Perth|Parramatta & Western Suburbs|AU
913|Perth||AU
914|Perth|Ryde & Macquarie Park|AU
915|Perth|South West & M5 Corridor|AU
916|Perth|Southern Suburbs & Logan|AU
917|Perth|Southern Suburbs & Sutherland Shire|AU
918|Perth|Western Suburbs|AU
919|Perth|Western Suburbs & Ipswich|AU
920|Perth||AU
921|Port Hedland, Karratha & Pilbara|Bayside & Eastern Suburbs|AU
922|Port Hedland, Karratha & Pilbara|Bayside & South Eastern Suburbs|AU
923|Port Hedland, Karratha & Pilbara|CBD & Inner Suburbs|AU
924|Port Hedland, Karratha & Pilbara|CBD, Inner & Western Suburbs|AU
925|Port Hedland, Karratha & Pilbara|CBD, Inner West & Eastern Suburbs|AU
926|Port Hedland, Karratha & Pilbara|Eastern Suburbs|AU
927|Port Hedland, Karratha & Pilbara|Fremantle & Southern Suburbs|AU
928|Port Hedland, Karratha & Pilbara|North Shore & Northern Beaches|AU
929|Port Hedland, Karratha & Pilbara|North West & Hills District|AU
930|Port Hedland, Karratha & Pilbara|Northern Suburbs|AU
931|Port Hedland, Karratha & Pilbara|Northern Suburbs & Joondalup|AU
932|Port Hedland, Karratha & Pilbara|Parramatta & Western Suburbs|AU
933|Port Hedland, Karratha & Pilbara||AU
934|Port Hedland, Karratha & Pilbara|Ryde & Macquarie Park|AU
935|Port Hedland, Karratha & Pilbara|South West & M5 Corridor|AU
936|Port Hedland, Karratha & Pilbara|Southern Suburbs & Logan|AU
937|Port Hedland, Karratha & Pilbara|Southern Suburbs & Sutherland Shire|AU
938|Port Hedland, Karratha & Pilbara|Western Suburbs|AU
939|Port Hedland, Karratha & Pilbara|Western Suburbs & Ipswich|AU
940|Port Hedland, Karratha & Pilbara||AU
941|Port Macquarie & Mid North Coast|Bayside & Eastern Suburbs|AU
942|Port Macquarie & Mid North Coast|Bayside & South Eastern Suburbs|AU
943|Port Macquarie & Mid North Coast|CBD & Inner Suburbs|AU
944|Port Macquarie & Mid North Coast|CBD, Inner & Western Suburbs|AU
945|Port Macquarie & Mid North Coast|CBD, Inner West & Eastern Suburbs|AU
946|Port Macquarie & Mid North Coast|Eastern Suburbs|AU
947|Port Macquarie & Mid North Coast|Fremantle & Southern Suburbs|AU
948|Port Macquarie & Mid North Coast|North Shore & Northern Beaches|AU
949|Port Macquarie & Mid North Coast|North West & Hills District|AU
950|Port Macquarie & Mid North Coast|Northern Suburbs|AU
951|Port Macquarie & Mid North Coast|Northern Suburbs & Joondalup|AU
952|Port Macquarie & Mid North Coast|Parramatta & Western Suburbs|AU
953|Port Macquarie & Mid North Coast||AU
954|Port Macquarie & Mid North Coast|Ryde & Macquarie Park|AU
955|Port Macquarie & Mid North Coast|South West & M5 Corridor|AU
956|Port Macquarie & Mid North Coast|Southern Suburbs & Logan|AU
957|Port Macquarie & Mid North Coast|Southern Suburbs & Sutherland Shire|AU
958|Port Macquarie & Mid North Coast|Western Suburbs|AU
959|Port Macquarie & Mid North Coast|Western Suburbs & Ipswich|AU
960|Port Macquarie & Mid North Coast||AU
961|Richmond & Hawkesbury|Bayside & Eastern Suburbs|AU
962|Richmond & Hawkesbury|Bayside & South Eastern Suburbs|AU
963|Richmond & Hawkesbury|CBD & Inner Suburbs|AU
964|Richmond & Hawkesbury|CBD, Inner & Western Suburbs|AU
965|Richmond & Hawkesbury|CBD, Inner West & Eastern Suburbs|AU
966|Richmond & Hawkesbury|Eastern Suburbs|AU
967|Richmond & Hawkesbury|Fremantle & Southern Suburbs|AU
968|Richmond & Hawkesbury|North Shore & Northern Beaches|AU
969|Richmond & Hawkesbury|North West & Hills District|AU
970|Richmond & Hawkesbury|Northern Suburbs|AU
971|Richmond & Hawkesbury|Northern Suburbs & Joondalup|AU
972|Richmond & Hawkesbury|Parramatta & Western Suburbs|AU
973|Richmond & Hawkesbury||AU
974|Richmond & Hawkesbury|Ryde & Macquarie Park|AU
975|Richmond & Hawkesbury|South West & M5 Corridor|AU
976|Richmond & Hawkesbury|Southern Suburbs & Logan|AU
977|Richmond & Hawkesbury|Southern Suburbs & Sutherland Shire|AU
978|Richmond & Hawkesbury|Western Suburbs|AU
979|Richmond & Hawkesbury|Western Suburbs & Ipswich|AU
980|Richmond & Hawkesbury||AU
981|Riverland & Murray Mallee|Bayside & Eastern Suburbs|AU
982|Riverland & Murray Mallee|Bayside & South Eastern Suburbs|AU
983|Riverland & Murray Mallee|CBD & Inner Suburbs|AU
984|Riverland & Murray Mallee|CBD, Inner & Western Suburbs|AU
985|Riverland & Murray Mallee|CBD, Inner West & Eastern Suburbs|AU
986|Riverland & Murray Mallee|Eastern Suburbs|AU
987|Riverland & Murray Mallee|Fremantle & Southern Suburbs|AU
988|Riverland & Murray Mallee|North Shore & Northern Beaches|AU
989|Riverland & Murray Mallee|North West & Hills District|AU
990|Riverland & Murray Mallee|Northern Suburbs|AU
991|Riverland & Murray Mallee|Northern Suburbs & Joondalup|AU
992|Riverland & Murray Mallee|Parramatta & Western Suburbs|AU
993|Riverland & Murray Mallee||AU
994|Riverland & Murray Mallee|Ryde & Macquarie Park|AU
995|Riverland & Murray Mallee|South West & M5 Corridor|AU
996|Riverland & Murray Mallee|Southern Suburbs & Logan|AU
997|Riverland & Murray Mallee|Southern Suburbs & Sutherland Shire|AU
998|Riverland & Murray Mallee|Western Suburbs|AU
999|Riverland & Murray Mallee|Western Suburbs & Ipswich|AU
1000|Riverland & Murray Mallee||AU
1001|Rockhampton & Capricorn Coast|Bayside & Eastern Suburbs|AU
1002|Rockhampton & Capricorn Coast|Bayside & South Eastern Suburbs|AU
1003|Rockhampton & Capricorn Coast|CBD & Inner Suburbs|AU
1004|Rockhampton & Capricorn Coast|CBD, Inner & Western Suburbs|AU
1005|Rockhampton & Capricorn Coast|CBD, Inner West & Eastern Suburbs|AU
1006|Rockhampton & Capricorn Coast|Eastern Suburbs|AU
1007|Rockhampton & Capricorn Coast|Fremantle & Southern Suburbs|AU
1008|Rockhampton & Capricorn Coast|North Shore & Northern Beaches|AU
1009|Rockhampton & Capricorn Coast|North West & Hills District|AU
1010|Rockhampton & Capricorn Coast|Northern Suburbs|AU
1011|Rockhampton & Capricorn Coast|Northern Suburbs & Joondalup|AU
1012|Rockhampton & Capricorn Coast|Parramatta & Western Suburbs|AU
1013|Rockhampton & Capricorn Coast||AU
1014|Rockhampton & Capricorn Coast|Ryde & Macquarie Park|AU
1015|Rockhampton & Capricorn Coast|South West & M5 Corridor|AU
1016|Rockhampton & Capricorn Coast|Southern Suburbs & Logan|AU
1017|Rockhampton & Capricorn Coast|Southern Suburbs & Sutherland Shire|AU
1018|Rockhampton & Capricorn Coast|Western Suburbs|AU
1019|Rockhampton & Capricorn Coast|Western Suburbs & Ipswich|AU
1020|Rockhampton & Capricorn Coast||AU
1021|Shepparton & Goulburn Valley|Bayside & Eastern Suburbs|AU
1022|Shepparton & Goulburn Valley|Bayside & South Eastern Suburbs|AU
1023|Shepparton & Goulburn Valley|CBD & Inner Suburbs|AU
1024|Shepparton & Goulburn Valley|CBD, Inner & Western Suburbs|AU
1025|Shepparton & Goulburn Valley|CBD, Inner West & Eastern Suburbs|AU
1026|Shepparton & Goulburn Valley|Eastern Suburbs|AU
1027|Shepparton & Goulburn Valley|Fremantle & Southern Suburbs|AU
1028|Shepparton & Goulburn Valley|North Shore & Northern Beaches|AU
1029|Shepparton & Goulburn Valley|North West & Hills District|AU
1030|Shepparton & Goulburn Valley|Northern Suburbs|AU
1031|Shepparton & Goulburn Valley|Northern Suburbs & Joondalup|AU
1032|Shepparton & Goulburn Valley|Parramatta & Western Suburbs|AU
1033|Shepparton & Goulburn Valley||AU
1034|Shepparton & Goulburn Valley|Ryde & Macquarie Park|AU
1035|Shepparton & Goulburn Valley|South West & M5 Corridor|AU
1036|Shepparton & Goulburn Valley|Southern Suburbs & Logan|AU
1037|Shepparton & Goulburn Valley|Southern Suburbs & Sutherland Shire|AU
1038|Shepparton & Goulburn Valley|Western Suburbs|AU
1039|Shepparton & Goulburn Valley|Western Suburbs & Ipswich|AU
1040|Shepparton & Goulburn Valley||AU
1041|Somerset & Lockyer|Bayside & Eastern Suburbs|AU
1042|Somerset & Lockyer|Bayside & South Eastern Suburbs|AU
1043|Somerset & Lockyer|CBD & Inner Suburbs|AU
1044|Somerset & Lockyer|CBD, Inner & Western Suburbs|AU
1045|Somerset & Lockyer|CBD, Inner West & Eastern Suburbs|AU
1046|Somerset & Lockyer|Eastern Suburbs|AU
1047|Somerset & Lockyer|Fremantle & Southern Suburbs|AU
1048|Somerset & Lockyer|North Shore & Northern Beaches|AU
1049|Somerset & Lockyer|North West & Hills District|AU
1050|Somerset & Lockyer|Northern Suburbs|AU
1051|Somerset & Lockyer|Northern Suburbs & Joondalup|AU
1052|Somerset & Lockyer|Parramatta & Western Suburbs|AU
1053|Somerset & Lockyer||AU
1054|Somerset & Lockyer|Ryde & Macquarie Park|AU
1055|Somerset & Lockyer|South West & M5 Corridor|AU
1056|Somerset & Lockyer|Southern Suburbs & Logan|AU
1057|Somerset & Lockyer|Southern Suburbs & Sutherland Shire|AU
1058|Somerset & Lockyer|Western Suburbs|AU
1059|Somerset & Lockyer|Western Suburbs & Ipswich|AU
1060|Somerset & Lockyer||AU
1061|Sunshine Coast|Bayside & Eastern Suburbs|AU
1062|Sunshine Coast|Bayside & South Eastern Suburbs|AU
1063|Sunshine Coast|CBD & Inner Suburbs|AU
1064|Sunshine Coast|CBD, Inner & Western Suburbs|AU
1065|Sunshine Coast|CBD, Inner West & Eastern Suburbs|AU
1066|Sunshine Coast|Eastern Suburbs|AU
1067|Sunshine Coast|Fremantle & Southern Suburbs|AU
1068|Sunshine Coast|North Shore & Northern Beaches|AU
1069|Sunshine Coast|North West & Hills District|AU
1070|Sunshine Coast|Northern Suburbs|AU
1071|Sunshine Coast|Northern Suburbs & Joondalup|AU
1072|Sunshine Coast|Parramatta & Western Suburbs|AU
1073|Sunshine Coast||AU
1074|Sunshine Coast|Ryde & Macquarie Park|AU
1075|Sunshine Coast|South West & M5 Corridor|AU
1076|Sunshine Coast|Southern Suburbs & Logan|AU
1077|Sunshine Coast|Southern Suburbs & Sutherland Shire|AU
1078|Sunshine Coast|Western Suburbs|AU
1079|Sunshine Coast|Western Suburbs & Ipswich|AU
1080|Sunshine Coast||AU
1081|Sydney|Bayside & Eastern Suburbs|AU
1082|Sydney|Bayside & South Eastern Suburbs|AU
1083|Sydney|CBD & Inner Suburbs|AU
1084|Sydney|CBD, Inner & Western Suburbs|AU
1085|Sydney|CBD, Inner West & Eastern Suburbs|AU
1086|Sydney|Eastern Suburbs|AU
1087|Sydney|Fremantle & Southern Suburbs|AU
1088|Sydney|North Shore & Northern Beaches|AU
1089|Sydney|North West & Hills District|AU
1090|Sydney|Northern Suburbs|AU
1091|Sydney|Northern Suburbs & Joondalup|AU
1092|Sydney|Parramatta & Western Suburbs|AU
1093|Sydney||AU
1094|Sydney|Ryde & Macquarie Park|AU
1095|Sydney|South West & M5 Corridor|AU
1096|Sydney|Southern Suburbs & Logan|AU
1097|Sydney|Southern Suburbs & Sutherland Shire|AU
1098|Sydney|Western Suburbs|AU
1099|Sydney|Western Suburbs & Ipswich|AU
1100|Sydney||AU
1101|Tamworth & North West NSW|Bayside & Eastern Suburbs|AU
1102|Tamworth & North West NSW|Bayside & South Eastern Suburbs|AU
1103|Tamworth & North West NSW|CBD & Inner Suburbs|AU
1104|Tamworth & North West NSW|CBD, Inner & Western Suburbs|AU
1105|Tamworth & North West NSW|CBD, Inner West & Eastern Suburbs|AU
1106|Tamworth & North West NSW|Eastern Suburbs|AU
1107|Tamworth & North West NSW|Fremantle & Southern Suburbs|AU
1108|Tamworth & North West NSW|North Shore & Northern Beaches|AU
1109|Tamworth & North West NSW|North West & Hills District|AU
1110|Tamworth & North West NSW|Northern Suburbs|AU
1111|Tamworth & North West NSW|Northern Suburbs & Joondalup|AU
1112|Tamworth & North West NSW|Parramatta & Western Suburbs|AU
1113|Tamworth & North West NSW||AU
1114|Tamworth & North West NSW|Ryde & Macquarie Park|AU
1115|Tamworth & North West NSW|South West & M5 Corridor|AU
1116|Tamworth & North West NSW|Southern Suburbs & Logan|AU
1117|Tamworth & North West NSW|Southern Suburbs & Sutherland Shire|AU
1118|Tamworth & North West NSW|Western Suburbs|AU
1119|Tamworth & North West NSW|Western Suburbs & Ipswich|AU
1120|Tamworth & North West NSW||AU
1121|Toowoomba & Darling Downs|Bayside & Eastern Suburbs|AU
1122|Toowoomba & Darling Downs|Bayside & South Eastern Suburbs|AU
1123|Toowoomba & Darling Downs|CBD & Inner Suburbs|AU
1124|Toowoomba & Darling Downs|CBD, Inner & Western Suburbs|AU
1125|Toowoomba & Darling Downs|CBD, Inner West & Eastern Suburbs|AU
1126|Toowoomba & Darling Downs|Eastern Suburbs|AU
1127|Toowoomba & Darling Downs|Fremantle & Southern Suburbs|AU
1128|Toowoomba & Darling Downs|North Shore & Northern Beaches|AU
1129|Toowoomba & Darling Downs|North West & Hills District|AU
1130|Toowoomba & Darling Downs|Northern Suburbs|AU
1131|Toowoomba & Darling Downs|Northern Suburbs & Joondalup|AU
1132|Toowoomba & Darling Downs|Parramatta & Western Suburbs|AU
1133|Toowoomba & Darling Downs||AU
1134|Toowoomba & Darling Downs|Ryde & Macquarie Park|AU
1135|Toowoomba & Darling Downs|South West & M5 Corridor|AU
1136|Toowoomba & Darling Downs|Southern Suburbs & Logan|AU
1137|Toowoomba & Darling Downs|Southern Suburbs & Sutherland Shire|AU
1138|Toowoomba & Darling Downs|Western Suburbs|AU
1139|Toowoomba & Darling Downs|Western Suburbs & Ipswich|AU
1140|Toowoomba & Darling Downs||AU
1141|Townsville & Northern QLD|Bayside & Eastern Suburbs|AU
1142|Townsville & Northern QLD|Bayside & South Eastern Suburbs|AU
1143|Townsville & Northern QLD|CBD & Inner Suburbs|AU
1144|Townsville & Northern QLD|CBD, Inner & Western Suburbs|AU
1145|Townsville & Northern QLD|CBD, Inner West & Eastern Suburbs|AU
1146|Townsville & Northern QLD|Eastern Suburbs|AU
1147|Townsville & Northern QLD|Fremantle & Southern Suburbs|AU
1148|Townsville & Northern QLD|North Shore & Northern Beaches|AU
1149|Townsville & Northern QLD|North West & Hills District|AU
1150|Townsville & Northern QLD|Northern Suburbs|AU
1151|Townsville & Northern QLD|Northern Suburbs & Joondalup|AU
1152|Townsville & Northern QLD|Parramatta & Western Suburbs|AU
1153|Townsville & Northern QLD||AU
1154|Townsville & Northern QLD|Ryde & Macquarie Park|AU
1155|Townsville & Northern QLD|South West & M5 Corridor|AU
1156|Townsville & Northern QLD|Southern Suburbs & Logan|AU
1157|Townsville & Northern QLD|Southern Suburbs & Sutherland Shire|AU
1158|Townsville & Northern QLD|Western Suburbs|AU
1159|Townsville & Northern QLD|Western Suburbs & Ipswich|AU
1160|Townsville & Northern QLD||AU
1161|Traralgon & La Trobe Valley|Bayside & Eastern Suburbs|AU
1162|Traralgon & La Trobe Valley|Bayside & South Eastern Suburbs|AU
1163|Traralgon & La Trobe Valley|CBD & Inner Suburbs|AU
1164|Traralgon & La Trobe Valley|CBD, Inner & Western Suburbs|AU
1165|Traralgon & La Trobe Valley|CBD, Inner West & Eastern Suburbs|AU
1166|Traralgon & La Trobe Valley|Eastern Suburbs|AU
1167|Traralgon & La Trobe Valley|Fremantle & Southern Suburbs|AU
1168|Traralgon & La Trobe Valley|North Shore & Northern Beaches|AU
1169|Traralgon & La Trobe Valley|North West & Hills District|AU
1170|Traralgon & La Trobe Valley|Northern Suburbs|AU
1171|Traralgon & La Trobe Valley|Northern Suburbs & Joondalup|AU
1172|Traralgon & La Trobe Valley|Parramatta & Western Suburbs|AU
1173|Traralgon & La Trobe Valley||AU
1174|Traralgon & La Trobe Valley|Ryde & Macquarie Park|AU
1175|Traralgon & La Trobe Valley|South West & M5 Corridor|AU
1176|Traralgon & La Trobe Valley|Southern Suburbs & Logan|AU
1177|Traralgon & La Trobe Valley|Southern Suburbs & Sutherland Shire|AU
1178|Traralgon & La Trobe Valley|Western Suburbs|AU
1179|Traralgon & La Trobe Valley|Western Suburbs & Ipswich|AU
1180|Traralgon & La Trobe Valley||AU
1181|Tumut, Southern Highlands & Snowy|Bayside & Eastern Suburbs|AU
1182|Tumut, Southern Highlands & Snowy|Bayside & South Eastern Suburbs|AU
1183|Tumut, Southern Highlands & Snowy|CBD & Inner Suburbs|AU
1184|Tumut, Southern Highlands & Snowy|CBD, Inner & Western Suburbs|AU
1185|Tumut, Southern Highlands & Snowy|CBD, Inner West & Eastern Suburbs|AU
1186|Tumut, Southern Highlands & Snowy|Eastern Suburbs|AU
1187|Tumut, Southern Highlands & Snowy|Fremantle & Southern Suburbs|AU
1188|Tumut, Southern Highlands & Snowy|North Shore & Northern Beaches|AU
1189|Tumut, Southern Highlands & Snowy|North West & Hills District|AU
1190|Tumut, Southern Highlands & Snowy|Northern Suburbs|AU
1191|Tumut, Southern Highlands & Snowy|Northern Suburbs & Joondalup|AU
1192|Tumut, Southern Highlands & Snowy|Parramatta & Western Suburbs|AU
1193|Tumut, Southern Highlands & Snowy||AU
1194|Tumut, Southern Highlands & Snowy|Ryde & Macquarie Park|AU
1195|Tumut, Southern Highlands & Snowy|South West & M5 Corridor|AU
1196|Tumut, Southern Highlands & Snowy|Southern Suburbs & Logan|AU
1197|Tumut, Southern Highlands & Snowy|Southern Suburbs & Sutherland Shire|AU
1198|Tumut, Southern Highlands & Snowy|Western Suburbs|AU
1199|Tumut, Southern Highlands & Snowy|Western Suburbs & Ipswich|AU
1200|Tumut, Southern Highlands & Snowy||AU
1201|Wagga Wagga & Riverina|Bayside & Eastern Suburbs|AU
1202|Wagga Wagga & Riverina|Bayside & South Eastern Suburbs|AU
1203|Wagga Wagga & Riverina|CBD & Inner Suburbs|AU
1204|Wagga Wagga & Riverina|CBD, Inner & Western Suburbs|AU
1205|Wagga Wagga & Riverina|CBD, Inner West & Eastern Suburbs|AU
1206|Wagga Wagga & Riverina|Eastern Suburbs|AU
1207|Wagga Wagga & Riverina|Fremantle & Southern Suburbs|AU
1208|Wagga Wagga & Riverina|North Shore & Northern Beaches|AU
1209|Wagga Wagga & Riverina|North West & Hills District|AU
1210|Wagga Wagga & Riverina|Northern Suburbs|AU
1211|Wagga Wagga & Riverina|Northern Suburbs & Joondalup|AU
1212|Wagga Wagga & Riverina|Parramatta & Western Suburbs|AU
1213|Wagga Wagga & Riverina||AU
1214|Wagga Wagga & Riverina|Ryde & Macquarie Park|AU
1215|Wagga Wagga & Riverina|South West & M5 Corridor|AU
1216|Wagga Wagga & Riverina|Southern Suburbs & Logan|AU
1217|Wagga Wagga & Riverina|Southern Suburbs & Sutherland Shire|AU
1218|Wagga Wagga & Riverina|Western Suburbs|AU
1219|Wagga Wagga & Riverina|Western Suburbs & Ipswich|AU
1220|Wagga Wagga & Riverina||AU
1221|Whyalla & Eyre Peninsula|Bayside & Eastern Suburbs|AU
1222|Whyalla & Eyre Peninsula|Bayside & South Eastern Suburbs|AU
1223|Whyalla & Eyre Peninsula|CBD & Inner Suburbs|AU
1224|Whyalla & Eyre Peninsula|CBD, Inner & Western Suburbs|AU
1225|Whyalla & Eyre Peninsula|CBD, Inner West & Eastern Suburbs|AU
1226|Whyalla & Eyre Peninsula|Eastern Suburbs|AU
1227|Whyalla & Eyre Peninsula|Fremantle & Southern Suburbs|AU
1228|Whyalla & Eyre Peninsula|North Shore & Northern Beaches|AU
1229|Whyalla & Eyre Peninsula|North West & Hills District|AU
1230|Whyalla & Eyre Peninsula|Northern Suburbs|AU
1231|Whyalla & Eyre Peninsula|Northern Suburbs & Joondalup|AU
1232|Whyalla & Eyre Peninsula|Parramatta & Western Suburbs|AU
1233|Whyalla & Eyre Peninsula||AU
1234|Whyalla & Eyre Peninsula|Ryde & Macquarie Park|AU
1235|Whyalla & Eyre Peninsula|South West & M5 Corridor|AU
1236|Whyalla & Eyre Peninsula|Southern Suburbs & Logan|AU
1237|Whyalla & Eyre Peninsula|Southern Suburbs & Sutherland Shire|AU
1238|Whyalla & Eyre Peninsula|Western Suburbs|AU
1239|Whyalla & Eyre Peninsula|Western Suburbs & Ipswich|AU
1240|Whyalla & Eyre Peninsula||AU
1241|Wollongong, Illawarra & South Coast|Bayside & Eastern Suburbs|AU
1242|Wollongong, Illawarra & South Coast|Bayside & South Eastern Suburbs|AU
1243|Wollongong, Illawarra & South Coast|CBD & Inner Suburbs|AU
1244|Wollongong, Illawarra & South Coast|CBD, Inner & Western Suburbs|AU
1245|Wollongong, Illawarra & South Coast|CBD, Inner West & Eastern Suburbs|AU
1246|Wollongong, Illawarra & South Coast|Eastern Suburbs|AU
1247|Wollongong, Illawarra & South Coast|Fremantle & Southern Suburbs|AU
1248|Wollongong, Illawarra & South Coast|North Shore & Northern Beaches|AU
1249|Wollongong, Illawarra & South Coast|North West & Hills District|AU
1250|Wollongong, Illawarra & South Coast|Northern Suburbs|AU
1251|Wollongong, Illawarra & South Coast|Northern Suburbs & Joondalup|AU
1252|Wollongong, Illawarra & South Coast|Parramatta & Western Suburbs|AU
1253|Wollongong, Illawarra & South Coast||AU
1254|Wollongong, Illawarra & South Coast|Ryde & Macquarie Park|AU
1255|Wollongong, Illawarra & South Coast|South West & M5 Corridor|AU
1256|Wollongong, Illawarra & South Coast|Southern Suburbs & Logan|AU
1257|Wollongong, Illawarra & South Coast|Southern Suburbs & Sutherland Shire|AU
1258|Wollongong, Illawarra & South Coast|Western Suburbs|AU
1259|Wollongong, Illawarra & South Coast|Western Suburbs & Ipswich|AU
1260|Wollongong, Illawarra & South Coast||AU
1261|Yarra Valley & High Country|Bayside & Eastern Suburbs|AU
1262|Yarra Valley & High Country|Bayside & South Eastern Suburbs|AU
1263|Yarra Valley & High Country|CBD & Inner Suburbs|AU
1264|Yarra Valley & High Country|CBD, Inner & Western Suburbs|AU
1265|Yarra Valley & High Country|CBD, Inner West & Eastern Suburbs|AU
1266|Yarra Valley & High Country|Eastern Suburbs|AU
1267|Yarra Valley & High Country|Fremantle & Southern Suburbs|AU
1268|Yarra Valley & High Country|North Shore & Northern Beaches|AU
1269|Yarra Valley & High Country|North West & Hills District|AU
1270|Yarra Valley & High Country|Northern Suburbs|AU
1271|Yarra Valley & High Country|Northern Suburbs & Joondalup|AU
1272|Yarra Valley & High Country|Parramatta & Western Suburbs|AU
1273|Yarra Valley & High Country||AU
1274|Yarra Valley & High Country|Ryde & Macquarie Park|AU
1275|Yarra Valley & High Country|South West & M5 Corridor|AU
1276|Yarra Valley & High Country|Southern Suburbs & Logan|AU
1277|Yarra Valley & High Country|Southern Suburbs & Sutherland Shire|AU
1278|Yarra Valley & High Country|Western Suburbs|AU
1279|Yarra Valley & High Country|Western Suburbs & Ipswich|AU
1280|Yarra Valley & High Country||AU
1281|Yorke Peninsula & Clare Valley|Bayside & Eastern Suburbs|AU
1282|Yorke Peninsula & Clare Valley|Bayside & South Eastern Suburbs|AU
1283|Yorke Peninsula & Clare Valley|CBD & Inner Suburbs|AU
1284|Yorke Peninsula & Clare Valley|CBD, Inner & Western Suburbs|AU
1285|Yorke Peninsula & Clare Valley|CBD, Inner West & Eastern Suburbs|AU
1286|Yorke Peninsula & Clare Valley|Eastern Suburbs|AU
1287|Yorke Peninsula & Clare Valley|Fremantle & Southern Suburbs|AU
1288|Yorke Peninsula & Clare Valley|North Shore & Northern Beaches|AU
1289|Yorke Peninsula & Clare Valley|North West & Hills District|AU
1290|Yorke Peninsula & Clare Valley|Northern Suburbs|AU
1291|Yorke Peninsula & Clare Valley|Northern Suburbs & Joondalup|AU
1292|Yorke Peninsula & Clare Valley|Parramatta & Western Suburbs|AU
1293|Yorke Peninsula & Clare Valley||AU
1294|Yorke Peninsula & Clare Valley|Ryde & Macquarie Park|AU
1295|Yorke Peninsula & Clare Valley|South West & M5 Corridor|AU
1296|Yorke Peninsula & Clare Valley|Southern Suburbs & Logan|AU
1297|Yorke Peninsula & Clare Valley|Southern Suburbs & Sutherland Shire|AU
1298|Yorke Peninsula & Clare Valley|Western Suburbs|AU
1299|Yorke Peninsula & Clare Valley|Western Suburbs & Ipswich|AU
1300|Yorke Peninsula & Clare Valley||AU
